year,name,architecture,batch_size,epochs,optimizer,learning_rate,momentum,mode,k,n_train,n_test,n_columns,train_mse,valid_mse,test_mse,train_mape,valid_mape,test_mape,train_loss,valid_loss,test_loss
,arch0_B8_OAdam_L0.01_M0,arch0,8,100,Adam,0.01,0,kfold,5,625,,9,0.0502989664450287,0.0497523051872849,,850318.5169850464,854722.8444939575,,0.0511818687990307,0.0505646188408136,
,arch0_B8_Osgd_L0.01_M0,arch0,8,100,sgd,0.01,0,kfold,5,625,,9,2.7326559599041937,0.3325354397296906,,101.8393037109375,99.83999938964844,,15268.646024414062,15247.420739257812,
,arch0_B16_OAdam_L0.01_M0,arch0,16,100,Adam,0.01,0,kfold,5,625,,9,0.0506283855065703,0.0507662371993064,,846873.2673661575,865435.7079716034,,0.0529756230041384,0.0530156250372529,
,arch0_B16_Osgd_L0.01_M0,arch0,16,100,sgd,0.01,0,kfold,5,625,,9,0.3711683126688003,0.3325354218482971,,99.9140265197754,99.83999938964844,,33.38741038131714,33.33216204071045,
,arch1_B8_OAdam_L0.01_M0,arch1,8,100,Adam,0.01,0,kfold,5,625,,9,158.5322858996987,0.332535433769226,,432606.4637496643,99.83999938964844,,158.54035365456343,0.3405765418410301,
,arch1_B8_Osgd_L0.01_M0,arch1,8,100,sgd,0.01,0,kfold,5,625,,9,17.456361177682876,0.3325354516506195,,105.31921298217772,99.83999938964844,,535870.0864375,535192.1830625,
,arch1_B16_OAdam_L0.01_M0,arch1,16,100,Adam,0.01,0,kfold,5,625,,9,172.30524724155666,0.3325354278087616,,2606567.480402435,99.83999938964844,,172.31589637368918,0.343126091659069,
,arch1_B16_Osgd_L0.01_M0,arch1,16,100,sgd,0.01,0,kfold,5,625,,9,0.3325354394316673,0.3325354516506195,,99.84000244140626,99.83999938964844,,0.34895923495292663,0.34894128412008285,
