name,architecture,batch_size,epochs,optimizer,learning_rate,momentum,mode,k,n_train,n_test,n_columns,train_mse,valid_mse,test_mse,train_mape,valid_mape,test_mape,train_loss,valid_loss,test_loss
arch0_B8_OAdam_L0.01_M0,arch0,8,100,Adam,0.01,0.0,kfold,5,625,,8,0.0401404642090201,0.0357789994440972,,782786.1245473938,763538.0957328224,,0.0451036032363772,0.0406669232174754,
arch0_B8_OAdam_L0.01_M0.01,arch0,8,100,Adam,0.01,0.01,kfold,5,625,,8,0.026302432321012,0.0172070472724735,,660169.5159793091,654654.0065121842,,0.0364968626126647,0.0273335447348654,
arch0_B8_Osgd_L0.01_M0,arch0,8,100,sgd,0.01,0.0,kfold,5,625,,8,0.04999012853950262,0.0501044527888298,,851141.1909668045,855830.9666187897,,0.08750087846815587,0.0875067519173026,
