year,name,architecture,batch_size,epochs,optimizer,learning_rate,momentum,mode,k,n_train,n_test,n_columns,train_mse,valid_mse,test_mse,train_mape,valid_mape,test_mape,train_loss,valid_loss,test_loss
,arch0_B8_OAdam_L0.01_M0,arch0,8,100,Adam,0.01,0,kfold,5,625,,9,0.6427172194719315,0.3277772307395935,,8601.079901168823,99.83999938964844,,0.6482128108739853,0.333189336001873,
,arch0_B8_Osgd_L0.01_M0,arch0,8,100,sgd,0.01,0,kfold,5,625,,9,0.614815752863884,0.3277772426605224,,100.22747915649414,99.83999938964844,,364.6890533447266,363.9529928894043,
,arch0_B16_OAdam_L0.01_M0,arch0,16,100,Adam,0.01,0,kfold,5,625,,9,45.02372467130422,0.3277772307395935,,478753.113499527,99.83999938964844,,45.05661623519659,0.3605795025229454,
,arch0_B16_Osgd_L0.01_M0,arch0,16,100,sgd,0.01,0,kfold,5,625,,9,0.3277772327661514,0.327777224779129,,99.84000244140626,99.83999938964844,,0.3920109077095985,0.3919229333400726,
,arch1_B8_OAdam_L0.01_M0,arch1,8,100,Adam,0.01,0,kfold,5,625,,9,0.7509486368894577,0.3277772188186645,,101.9691082458496,99.83999938964844,,0.7540654720664024,0.3308726887106895,
,arch1_B8_Osgd_L0.01_M0,arch1,8,100,sgd,0.01,0,kfold,5,625,,9,0.3468254583477974,0.3277772188186645,,99.99034750366212,99.83999938964844,,2.1133924530148507,2.097981690406799,
,arch1_B16_OAdam_L0.01_M0,arch1,16,100,Adam,0.01,0,kfold,5,625,,9,0.0511591386944055,0.0512239600419998,,839731.1307520065,845794.0834182663,,0.0512995423153042,0.0513411687761545,
,arch1_B16_Osgd_L0.01_M0,arch1,16,100,sgd,0.01,0,kfold,5,625,,9,0.3277772225737572,0.32777721881866456,,99.84000244140626,99.83999938964844,,0.34096603804826736,0.340950934946537,
