year,name,architecture,batch_size,epochs,optimizer,learning_rate,momentum,mode,k,n_train,n_test,n_columns,train_mse,valid_mse,test_mse,train_mape,valid_mape,test_mape,train_loss,valid_loss,test_loss
,arch0_B8_OAdam_L0.01_M0,arch0,8,100,Adam,0.01,0,kfold,5,625,,9,0.3639600012302398,0.3226910293102264,,99.94173403930664,99.83999938964844,,0.3713114138245582,0.3299569004178047,
,arch0_B8_Osgd_L0.01_M0,arch0,8,100,sgd,0.01,0,kfold,5,625,,9,0.4288245874643326,0.3226910471916199,,100.16549508666992,99.83999938964844,,492.86408218383787,492.15063565063474,
,arch0_B16_OAdam_L0.01_M0,arch0,16,100,Adam,0.01,0,kfold,5,625,,9,0.326814474761486,0.322691011428833,,99.88429553222656,99.83999938964844,,0.335573145031929,0.3313395933508873,
,arch0_B16_Osgd_L0.01_M0,arch0,16,100,sgd,0.01,0,kfold,5,625,,9,0.4044228592514992,0.3226910054683685,,100.02633041381836,99.83999938964844,,7.600564437866211,7.514549794197083,
,arch1_B8_OAdam_L0.01_M0,arch1,8,100,Adam,0.01,0,kfold,5,625,,9,0.3859842199683189,0.3226910293102264,,101.15855432128906,99.83999938964844,,0.3863570756316185,0.3230396217703819,
,arch1_B8_Osgd_L0.01_M0,arch1,8,100,sgd,0.01,0,kfold,5,625,,9,109731683238.21008,0.3226910293102264,,347506.9684024353,99.83999938964844,,4.4247030516941146e+24,4.419495491454628e+24,
,arch1_B16_OAdam_L0.01_M0,arch1,16,100,Adam,0.01,0,kfold,5,625,,9,0.3227159746289253,0.3223573720455169,,99.85787867736816,3162.774349395752,,0.3229447696805,0.322563267737627,
,arch1_B16_Osgd_L0.01_M0,arch1,16,100,sgd,0.01,0,kfold,5,625,,9,0.32269102609157563,0.3226910293102264,,99.84000244140626,99.83999938964844,,0.33743107265233996,0.3374143972396851,
