year,name,architecture,batch_size,epochs,optimizer,learning_rate,momentum,mode,k,n_train,n_test,n_columns,train_mse,valid_mse,test_mse,train_mape,valid_mape,test_mape,train_loss,valid_loss,test_loss
,arch0_B8_OAdam_L0.01_M0,arch0,8,100,Adam,0.01,0,kfold,5,625,,9,1.905558542966843,0.3216622114181519,,101.2546676940918,99.83999938964844,,1.9218205782175064,0.3378251232504844,
,arch0_B8_Osgd_L0.01_M0,arch0,8,100,sgd,0.01,0,kfold,5,625,,9,0.533723744213581,0.3216622114181519,,100.16065588378906,99.83999938964844,,1032.833203491211,1031.3480887451171,
,arch0_B16_OAdam_L0.01_M0,arch0,16,100,Adam,0.01,0,kfold,5,625,,9,0.689613254725933,0.3216622114181519,,100.75540187072754,99.83999938964844,,0.7054039892554284,0.3373586323857307,
,arch0_B16_Osgd_L0.01_M0,arch0,16,100,sgd,0.01,0,kfold,5,625,,9,0.3377616913318634,0.3216622173786163,,99.94900561523436,99.83999938964844,,4.168170195102691,4.149767091751099,
,arch1_B8_OAdam_L0.01_M0,arch1,8,100,Adam,0.01,0,kfold,5,625,,9,0.5475243489146233,0.3216621875762939,,100.57601181030272,99.83999938964844,,0.5510602075457572,0.3251752154827118,
,arch1_B8_Osgd_L0.01_M0,arch1,8,100,sgd,0.01,0,kfold,5,625,,9,0.3216622084379196,0.3216621935367584,,99.84000244140626,99.83999938964844,,0.332383818924427,0.3323591782450676,
,arch1_B16_OAdam_L0.01_M0,arch1,16,100,Adam,0.01,0,kfold,5,625,,9,290.0297213000655,0.7472018832564354,,670221.3838298492,108.32233532714844,,290.03904079788924,0.7565083515048027,
,arch1_B16_Osgd_L0.01_M0,arch1,16,100,sgd,0.01,0,kfold,5,625,,9,0.32166221022605895,0.3216621994972229,,99.84000244140626,99.83999938964844,,0.33609974962472916,0.33608319371938705,
