year,name,architecture,batch_size,epochs,optimizer,learning_rate,momentum,mode,k,n_train,n_test,n_columns,train_mse,valid_mse,test_mse,train_mape,valid_mape,test_mape,train_loss,valid_loss,test_loss
,arch0_B8_OAdam_L0.01_M0,arch0,8,100,Adam,0.01,0,kfold,5,625,,9,10.27129936671257,0.327016407251358,,104.7515131072998,99.83999938964844,,10.290755035698414,0.3463859061002731,
,arch0_B8_Osgd_L0.01_M0,arch0,8,100,sgd,0.01,0,kfold,5,625,,9,1.4870351831316948,0.3270163893699646,,101.01196420288086,99.83999938964844,,84449.6473828125,84344.3507578125,
,arch0_B16_OAdam_L0.01_M0,arch0,16,100,Adam,0.01,0,kfold,5,625,,9,5.697740211725235,0.3270164251327515,,49309.28571202087,99.83999938964844,,5.715248628139496,0.3444411851167678,
,arch0_B16_Osgd_L0.01_M0,arch0,16,100,sgd,0.01,0,kfold,5,625,,9,0.3270164125561714,0.327016407251358,,99.84000244140626,99.83999938964844,,0.3957580060958862,0.3956670069694519,
,arch1_B8_OAdam_L0.01_M0,arch1,8,100,Adam,0.01,0,kfold,5,625,,9,0.0501794453561306,0.0500369436889886,,842120.6150923996,849933.3288966446,,0.0502691519930958,0.0501097756102681,
,arch1_B8_Osgd_L0.01_M0,arch1,8,100,sgd,0.01,0,kfold,5,625,,9,1.1657019307613372,0.3270164191722869,,101.04240536499024,99.83999938964844,,27208.903660003303,27408.129491444528,
,arch1_B16_OAdam_L0.01_M0,arch1,16,100,Adam,0.01,0,kfold,5,625,,9,0.0507341281026601,0.0504663017019629,,836523.055109848,856074.5311011429,,0.0510099431425333,0.0507184955030679,
,arch1_B16_Osgd_L0.01_M0,arch1,16,100,sgd,0.01,0,kfold,5,625,,9,0.3270164097547531,0.32701640725135805,,99.84000244140626,99.83999938964844,,0.34319067633152006,0.34317321771383286,
